"id","author","width","height","url","download_url"
"0","Alejandro Escamilla",5616,3744,"https://unsplash.com/photos/yC-Yzbqy7PY","https://picsum.photos/id/0/5616/3744"
"1","Alejandro Escamilla",5616,3744,"https://unsplash.com/photos/LNRyGwIJr5c","https://picsum.photos/id/1/5616/3744"
"10","Paul Jarvis",2500,1667,"https://unsplash.com/photos/6J--NXulQCs","https://picsum.photos/id/10/2500/1667"
"100","Tina Rataj",2500,1656,"https://unsplash.com/photos/pwaaqfoMibI","https://picsum.photos/id/100/2500/1656"
"1000","Lukas Budimaier",5626,3635,"https://unsplash.com/photos/6cY-FvMlmkQ","https://picsum.photos/id/1000/5626/3635"
"1001","Danielle MacInnes",5616,3744,"https://unsplash.com/photos/1DkWWN1dr-s","https://picsum.photos/id/1001/5616/3744"
"1002","NASA",4312,2868,"https://unsplash.com/photos/6-jTZysYY_U","https://picsum.photos/id/1002/4312/2868"
"1003","E+N Photographies",1181,1772,"https://unsplash.com/photos/GYumuBnTqKc","https://picsum.photos/id/1003/1181/1772"
"1004","Greg Rakozy",5616,3744,"https://unsplash.com/photos/SSxIGsySh8o","https://picsum.photos/id/1004/5616/3744"
"1005","Matthew Wiebe",5760,3840,"https://unsplash.com/photos/tBtuxtLvAZs","https://picsum.photos/id/1005/5760/3840"
"1006","Vladimir Kudinov",3000,2000,"https://unsplash.com/photos/-wWRHIUklxM","https://picsum.photos/id/1006/3000/2000"
"1008","Benjamin Combs",5616,3744,"https://unsplash.com/photos/5L4XAgMSno0","https://picsum.photos/id/1008/5616/3744"
"1009","Christopher Campbell",5000,7502,"https://unsplash.com/photos/CMWRIzyMKZk","https://picsum.photos/id/1009/5000/7502"
"101","Christian Bardenhorst",2621,1747,"https://unsplash.com/photos/8lMhzUjD1Wk","https://picsum.photos/id/101/2621/1747"
"1010","Samantha Sophia",5184,3456,"https://unsplash.com/photos/NaWKMlp3tVs","https://picsum.photos/id/1010/5184/3456"
"1011","Roberto Nickson",5472,3648,"https://unsplash.com/photos/7BjmDICVloE","https://picsum.photos/id/1011/5472/3648"
"1012","Scott Webb",3973,2639,"https://unsplash.com/photos/uAgLGG1WBd4","https://picsum.photos/id/1012/3973/2639"
"1013","Cayton Heath",4256,2832,"https://unsplash.com/photos/D8LcRLwZyPs","https://picsum.photos/id/1013/4256/2832"
"1014","Oscar Keys",6016,4000,"https://unsplash.com/photos/AmPRUnRb6N0","https://picsum.photos/id/1014/6016/4000"
"1015","Alexey Topolyanskiy",6000,4000,"https://unsplash.com/photos/-oWyJoSqBRM","https://picsum.photos/id/1015/6000/4000"
"1016","Philippe Wuyts",3844,2563,"https://unsplash.com/photos/_h7aBovKia4","https://picsum.photos/id/1016/3844/2563"
"1018","Andrew Ridley",3914,2935,"https://unsplash.com/photos/Kt5hRENuotI","https://picsum.photos/id/1018/3914/2935"
"1019","Patrick Fore",5472,3648,"https://unsplash.com/photos/V6s1cmE39XM","https://picsum.photos/id/1019/5472/3648"
"102","Ben Moore",4320,3240,"https://unsplash.com/photos/pJILiyPdrXI","https://picsum.photos/id/102/4320/3240"
"1020","Adam Willoughby-Knox",4288,2848,"https://unsplash.com/photos/_snqARKTgoc","https://picsum.photos/id/1020/4288/2848"
"1021","Frances Gunn",2048,1206,"https://unsplash.com/photos/8BmNurlVR6M","https://picsum.photos/id/1021/2048/1206"
"1022","Vashishtha Jogi",6000,3376,"https://unsplash.com/photos/bClr95glx6k","https://picsum.photos/id/1022/6000/3376"
"1023","William Hook",3955,2094,"https://unsplash.com/photos/93Ep1dhTd2s","https://picsum.photos/id/1023/3955/2094"
"1024","Niko Virtanen",1920,1280,"https://nikovirtanen.com","https://picsum.photos/id/1024/1920/1280"
"1025","Matthew Wiebe",4951,3301,"https://unsplash.com/photos/U5rMrSI7Pn4","https://picsum.photos/id/1025/4951/3301"
"1026","Dmitrii Vaccinium",4621,3070,"https://unsplash.com/photos/Q47eNv_UvfM","https://picsum.photos/id/1026/4621/3070"
"1027","Roksolana Zasiadko",2848,4272,"https://unsplash.com/photos/LyeduBb2Auk","https://picsum.photos/id/1027/2848/4272"
"1028","Dikaseva",5184,3456,"https://unsplash.com/photos/zvf7cZ0PC20","https://picsum.photos/id/1028/5184/3456"
"1029","freddie marriage",4887,2759,"https://unsplash.com/photos/utwYoEu9SU8","https://picsum.photos/id/1029/4887/2759"
"103","Ilham Rahmansyah",2592,1936,"https://unsplash.com/photos/DwTZwZYi9Ww","https://picsum.photos/id/103/2592/1936"
"1031","Mike Wilson",5446,3063,"https://unsplash.com/photos/rM7B4DheQc0","https://picsum.photos/id/1031/5446/3063"
"1032","NASA",2880,1800,"https://unsplash.com/photos/E7q00J_8N7A","https://picsum.photos/id/1032/2880/1800"
"1033","Erez Attias",2048,1365,"https://unsplash.com/photos/KqVHRmHVwwM","https://picsum.photos/id/1033/2048/1365"
"1035","Jared Erondu",5854,3903,"https://unsplash.com/photos/j4PaE7E2_Ws","https://picsum.photos/id/1035/5854/3903"
"1036","Wolfgang Lutz",4608,3072,"https://unsplash.com/photos/yOujaSETXlo","https://picsum.photos/id/1036/4608/3072"
"1037","Jordan McQueen",5760,3840,"https://unsplash.com/photos/93g2k8D1Mi8","https://picsum.photos/id/1037/5760/3840"
"1038","Marcelo Quinan",3914,5863,"https://unsplash.com/photos/upywS5QFwr8","https://picsum.photos/id/1038/3914/5863"
"1039","Andrew Coelho",6945,4635,"https://unsplash.com/photos/VB-w_3dnyvI","https://picsum.photos/id/1039/6945/4635"
"104","Dyaa Eldin",3840,2160,"https://unsplash.com/photos/2fl-ocJ5MOA","https://picsum.photos/id/104/3840/2160"
"1040","Rachel Davis",4496,3000,"https://unsplash.com/photos/tn2rBnvIl9I","https://picsum.photos/id/1040/4496/3000"
"1041","Tim Marshall",5184,2916,"https://unsplash.com/photos/yEOCA6oiVqg","https://picsum.photos/id/1041/5184/2916"
"1042","Jeremy Thomas",3456,5184,"https://unsplash.com/photos/rMmibFe4czY","https://picsum.photos/id/1042/3456/5184"
"1043","Christian Joudrey",5184,3456,"https://unsplash.com/photos/mWRR1xj95hg","https://picsum.photos/id/1043/5184/3456"
"1044","Steve Carter",4032,2268,"https://unsplash.com/photos/Ixp4YhCKZkI","https://picsum.photos/id/1044/4032/2268"
"1045","Aleksandra Boguslawska",3936,2624,"https://unsplash.com/photos/USOu_Ob9rxo","https://picsum.photos/id/1045/3936/2624"